{"root":[{"assemblyName":"Unity.XR.WindowsMixedReality","nameSpace":"UnityEngine.XR.WindowsMR","className":"WindowsMRAnchorSubsystem","methodName":"RegisterDescriptor","loadTypes":4,"isUnityClass":true},{"assemblyName":"Unity.XR.WindowsMixedReality","nameSpace":"UnityEngine.XR.WindowsMR","className":"WindowsMRGestureSubsystem","methodName":"RegisterDescriptor","loadTypes":4,"isUnityClass":true},{"assemblyName":"Unity.XR.WindowsMixedReality","nameSpace":"UnityEngine.XR.WindowsMR","className":"WindowsMRSessionSubsystem","methodName":"RegisterDescriptor","loadTypes":4,"isUnityClass":true},{"assemblyName":"Oculus.Spatializer","nameSpace":"","className":"ONSPAudioSource","methodName":"OnBeforeSceneLoadRuntimeMethod","loadTypes":1,"isUnityClass":false},{"assemblyName":"Unity.XR.Interaction.Toolkit","nameSpace":"UnityEngine.XR.Interaction.Toolkit.Inputs.Simulation","className":"SimulatedInputLayoutLoader","methodName":"Initialize","loadTypes":1,"isUnityClass":true},{"assemblyName":"Unity.XR.Interaction.Toolkit","nameSpace":"UnityEngine.XR.Interaction.Toolkit.Inputs.Interactions","className":"SectorInteraction","methodName":"Initialize","loadTypes":1,"isUnityClass":true},{"assemblyName":"Unity.XR.Interaction.Toolkit","nameSpace":"UnityEngine.XR.Interaction.Toolkit.Inputs.Composites","className":"Vector3FallbackComposite","methodName":"Initialize","loadTypes":1,"isUnityClass":true},{"assemblyName":"Unity.XR.Interaction.Toolkit","nameSpace":"UnityEngine.XR.Interaction.Toolkit.Inputs.Composites","className":"QuaternionFallbackComposite","methodName":"Initialize","loadTypes":1,"isUnityClass":true},{"assemblyName":"Unity.InputSystem","nameSpace":"UnityEngine.InputSystem","className":"InputSystem","methodName":"RunInitializeInPlayer","loadTypes":1,"isUnityClass":true},{"assemblyName":"Unity.XR.Management","nameSpace":"UnityEngine.XR.Management","className":"XRGeneralSettings","methodName":"AttemptInitializeXRSDKOnLoad","loadTypes":2,"isUnityClass":true},{"assemblyName":"Unity.XR.Management","nameSpace":"UnityEngine.XR.Management","className":"XRGeneralSettings","methodName":"AttemptStartXRSDKOnBeforeSplashScreen","loadTypes":3,"isUnityClass":true},{"assemblyName":"Unity.XR.Oculus","nameSpace":"Unity.XR.Oculus","className":"OculusLoader","methodName":"RuntimeLoadOVRPlugin","loadTypes":2,"isUnityClass":true}]}
